FireCode,location,block,pasture,patch,year,JD,plot,array,AirTemp,dpC,FuelMoisture,LAI,MaxC,MaxWindSpeed,WindSpeed,RH,VPD,ros,SoilMaxC,tHa
CG.BAR.NE.NE.18,CG,BAR,NE,NE,18,135,1,2,25.51,8.32,37.02,0.403333333,258.1666667,30.34,19.67,33.52,21.69457818,17.32050808,94.25,1.630933333
CG.BAR.NE.NE.18,CG,BAR,NE,NE,18,135,1,3,25.51,8.32,49.16666667,0.523333333,288,30.34,19.67,33.52,21.69457818,1.994100282,565.75,1.822933333
CG.BAR.NE.NE.18,CG,BAR,NE,NE,18,135,2,1,25.09,8.53,59,0.283333333,53.58333333,30.28,19.38,34.82,20.73202083,0.637528723,43.5,1.382933333
CG.BAR.NE.NE.18,CG,BAR,NE,NE,18,135,2,2,25.51,8.32,43.80333333,0.26,104.0833333,30.34,19.67,33.52,21.69457818,0.807280413,116.75,1.582933333
CG.BAR.NE.NE.18,CG,BAR,NE,NE,18,135,2,3,25.51,8.32,76.85,0.14,60.08333333,30.34,19.67,33.52,21.69457818,0.486259216,36,1.004266667
CG.BAR.NE.NE.18,CG,BAR,NE,NE,18,135,3,2,25.92,8.11,20.83,0.863333333,411.5,30.39,19.96,32.21,22.65305403,2.141037306,198.5,2.9936
CG.BAR.NE.NE.18,CG,BAR,NE,NE,18,135,3,3,25.92,8.11,86.41,0.636666667,188.4166667,30.39,19.96,32.21,22.65305403,3.927922024,49,2.1376
CG.BAR.NE.SWW.19,CG,BAR,NE,SWW,19,127,1,1,10.69,-1.28,31.11,NA,92,25.94,15.85,43.59,7.299210414,0.545695125,NA,0.92
CG.BAR.NE.SWW.19,CG,BAR,NE,SWW,19,127,1,3,10.69,-1.28,23.46333333,NA,185.5,25.94,15.85,43.59,7.299210414,2.980197803,NA,1.031466667
CG.BAR.NW.NE.19,CG,BAR,NW,NE,19,127,1,2,11.13,-1.193333333,32.72333333,NA,73.91666667,27.93,14.77,42.70333333,7.645670122,0.013632377,NA,2.812266667
CG.BAR.NW.NE.19,CG,BAR,NW,NE,19,127,2,1,11,-1.16,20.4,NA,135.5,27.39,14.88,43.08,7.518037082,0.448060733,NA,1.0656
CG.BAR.NW.NE.19,CG,BAR,NW,NE,19,127,2,2,11,-1.16,49.79333333,NA,45.66666667,27.39,14.88,43.08,7.518037082,0.227218398,NA,0.541333333
CG.BAR.NW.NE.19,CG,BAR,NW,NE,19,127,2,3,11,-1.16,28.09666667,NA,164.9166667,27.39,14.88,43.08,7.518037082,0.257225813,NA,0.834666667
CG.BAR.NW.NE.19,CG,BAR,NW,NE,19,127,3,1,10.59,-0.76,13.77333333,NA,203.5,27.75,15.18,45.65,6.99727372,0.690735911,NA,1.257066667
CG.BAR.NW.NE.19,CG,BAR,NW,NE,19,127,3,2,10.59,-0.76,13.81333333,NA,220.75,27.75,15.18,45.65,6.99727372,0.684237554,NA,1.5152
CG.BAR.NW.NW.18,CG,BAR,NW,NW,18,135,1,1,24.87,6.16,104.8833333,0.253333333,44.91666667,32.97,18.34,30.04,21.98364126,1.13147143,43.75,0.588266667
CG.BAR.NW.NW.18,CG,BAR,NW,NW,18,135,1,3,25.24,6.35,82.66666667,0.433333333,64.75,31.58,16.75,29.75,22.55899622,0.912730087,258,0.9136
CG.BAR.NW.NW.18,CG,BAR,NW,NW,18,135,2,2,24.87,6.16,58.23,1.17,234,32.97,18.34,30.04,21.98364126,3.228732015,39.15,1.878933333
CG.BAR.NW.NW.18,CG,BAR,NW,NW,18,135,2,3,24.87,6.16,77.85666667,1.216666667,296.1666667,32.97,18.34,30.04,21.98364126,2.430657582,194.75,2.3296
CG.BAR.NW.NW.18,CG,BAR,NW,NW,18,135,3,1,24.87,6.16,62.12,0.966666667,197.4166667,32.97,18.34,30.04,21.98364126,0.463443685,107.25,1.926933333
CG.BAR.NW.NW.18,CG,BAR,NW,NW,18,135,3,2,24.87,6.16,40.94666667,1.113333333,198.0833333,32.97,18.34,30.04,21.98364126,8.320502943,80,3.1056
CG.BAR.NW.NW.18,CG,BAR,NW,NW,18,135,3,3,24.87,6.16,70.57666667,0.493333333,207.4166667,32.97,18.34,30.04,21.98364126,0.429434085,132.5,1.780266667
CG.BAR.SE.SEE.18,CG,BAR,SE,SEE,18,136,1,1,28.33,7.78,26.94333333,1.123333333,227.4166667,24.02,8.48,27.29,27.97054427,2.454951265,49.9,3.7056
CG.BAR.SE.SEE.18,CG,BAR,SE,SEE,18,136,1,2,28.33,7.78,28.65333333,0.55,139.9166667,24.02,8.48,27.29,27.97054427,0.6060503,245.25,2.3616
CG.BAR.SE.SEE.18,CG,BAR,SE,SEE,18,136,1,3,28.33,7.78,33.74,0.92,251,24.02,8.48,27.29,27.97054427,2.326117289,262,2.5696
CG.BAR.SE.SEE.18,CG,BAR,SE,SEE,18,136,2,3,28.33,7.78,54.41,1.336666667,216.0833333,24.02,8.48,27.29,27.97054427,1.417366774,142.25,5.092266667
CG.BAR.SE.SEE.18,CG,BAR,SE,SEE,18,136,3,1,28.09,8.04,65.23333333,2.14,279,24.62,8.67,28.19,27.247562,1.959766003,356.25,4.342933333
CG.BAR.SE.SEE.18,CG,BAR,SE,SEE,18,136,3,2,28.09,8.04,35.08,2.176666667,300.3333333,24.62,8.67,28.19,27.247562,0.692574118,184.5,4.3136
CG.BAR.SE.SEE.18,CG,BAR,SE,SEE,18,136,3,3,28.09,8.04,44.41666667,2.61,347.75,24.62,8.67,28.19,27.247562,0.721687836,61.75,6.332266667
CG.BAR.SE.SWE.19,CG,BAR,SE,SWE,19,133,1,1,22.14,7.36,26.07666667,1.44,336.75,33.27,19.66,38.5,16.40097746,1.133893419,NA,2.344533333
CG.BAR.SE.SWE.19,CG,BAR,SE,SWE,19,133,1,2,22.14,7.36,26.38,1.546666667,292.5,33.27,19.66,38.5,16.40097746,3.306232613,NA,2.5296
CG.BAR.SE.SWE.19,CG,BAR,SE,SWE,19,133,1,3,22.14,7.36,21.41,1.54,281.5,33.27,19.66,38.5,16.40097746,1.538292986,24.25,1.9376
CG.BAR.SE.SWE.19,CG,BAR,SE,SWE,19,133,2,1,21.93333333,7.51,19.37666667,0.133333333,120,34.18666667,20.46333333,39.40333333,15.96123264,0.137481189,NA,1.4352
CG.BAR.SE.SWE.19,CG,BAR,SE,SWE,19,133,2,2,22.05,7.43,35.64,0.56,190.25,33.69,20.01,38.9,16.2058392,0.817911479,NA,2.456
CG.BAR.SE.SWE.19,CG,BAR,SE,SWE,19,133,2,3,22.05,7.43,33.04333333,0.743333333,390.5,33.69,20.01,38.9,16.2058392,11.92079121,39.75,2.8928
CG.BAR.SE.SWE.19,CG,BAR,SE,SWE,19,133,3,1,22.05,7.43,33.36,0.2,165.8333333,33.69,20.01,38.9,16.2058392,0.319722365,NA,3.242133333
CG.BAR.SE.SWE.19,CG,BAR,SE,SWE,19,133,3,2,22.05,7.43,35.71,0.393333333,181.75,33.69,20.01,38.9,16.2058392,0.560348105,NA,2.5616
CG.BAR.SE.SWE.19,CG,BAR,SE,SWE,19,133,3,3,22.05,7.43,39.43666667,0.643333333,185.3333333,33.69,20.01,38.9,16.2058392,0.074071967,27.5,2.656533333
CG.BAR.SW.NE.18,CG,BAR,SW,NE,18,136,1,1,27.25333333,8.036666667,64.71,0.746666667,120.0833333,17.79666667,5.953333333,29.63,25.43849217,0.019682852,61,2.0016
CG.BAR.SW.NE.18,CG,BAR,SW,NE,18,136,1,2,27.47333333,7.97,74.23,0.206666667,43.33333333,18.01666667,6.28,29.10333333,25.95611539,0.04276043,45.5,0.7776
CG.BAR.SW.NE.18,CG,BAR,SW,NE,18,136,1,3,27.47333333,7.97,87.34,0.203333333,46.41666667,18.01666667,6.28,29.10333333,25.95611539,0.046885456,46,0.8576
CG.BAR.SW.NE.18,CG,BAR,SW,NE,18,136,2,1,26.54,8.68,72.26666667,0.766666667,73.58333333,23.9,6.88,32.25,23.47348358,0.804566206,NA,2.068266667
CG.BAR.SW.NE.18,CG,BAR,SW,NE,18,136,2,2,26.54,8.68,48.84666667,0.853333333,128.0833333,23.9,6.88,32.25,23.47348358,0.851485087,53.77,1.734933333
CG.BAR.SW.NE.18,CG,BAR,SW,NE,18,136,3,1,26.54,8.68,67.87333333,1.623333333,173,23.9,6.88,32.25,23.47348358,0.451021593,151.5,3.238933333
CG.BAR.SW.NE.18,CG,BAR,SW,NE,18,136,3,3,26.54,8.68,65.34,1.15,307.0833333,23.9,6.88,32.25,23.47348358,0.348546718,46.68,2.620266667
CG.BAR.SW.SE.19,CG,BAR,SW,SE,19,127,1,1,11.92,-1.18,14.67,NA,277.1666667,25.83,14.71,40.48,8.35118052,3.464101615,NA,2.6368
CG.BAR.SW.SE.19,CG,BAR,SW,SE,19,127,1,2,11.92,-1.18,12.86666667,NA,310.5833333,25.83,14.71,40.48,8.35118052,6,NA,1.5808
CG.BAR.SW.SE.19,CG,BAR,SW,SE,19,127,1,3,11.92,-1.18,10.26333333,NA,504.4166667,25.83,14.71,40.48,8.35118052,5,21.5,3.285866667
CG.BAR.SW.SE.19,CG,BAR,SW,SE,19,127,2,1,11.92,-1.18,10.66,NA,418.5833333,25.83,14.71,40.48,8.35118052,25.98076211,NA,2.4528
CG.BAR.SW.SE.19,CG,BAR,SW,SE,19,127,2,2,11.92,-1.18,10.22,NA,345,25.83,14.71,40.48,8.35118052,6.495190528,14.25,1.584533333
CG.BAR.SW.SE.19,CG,BAR,SW,SE,19,127,2,3,11.92,-1.18,12.65,NA,450.6666667,25.83,14.71,40.48,8.35118052,3.740272357,20,3.8192
CG.BAR.SW.SE.19,CG,BAR,SW,SE,19,127,3,1,11.92,-1.18,23.37,NA,486.8333333,25.83,14.71,40.48,8.35118052,5.119921116,NA,1.542933333
CG.BAR.SW.SE.19,CG,BAR,SW,SE,19,127,3,2,11.92,-1.18,21.23333333,NA,355.25,25.83,14.71,40.48,8.35118052,4.505635569,NA,2.053333333
CG.BAR.SW.SE.19,CG,BAR,SW,SE,19,127,3,3,11.92,-1.18,17.88,NA,204.4166667,25.83,14.71,40.48,8.35118052,2.058790549,23.5,1.938666667
CG.BOB.NE.NEW.18,CG,BOB,NE,NEW,18,122,1,2,16.22,4.96,14.1378,0.943333333,185.4166667,29.07038534,17.59495795,47.325,9.743747282,1.327988416,20.25,4.0176
CG.BOB.NE.NEW.18,CG,BOB,NE,NEW,18,122,1,3,16.29,4.6,12.41,2.34,252,22.3441321,14.36500454,45.92,10.04255528,4.610839676,180.75,3.5336
CG.BOB.NE.NEW.18,CG,BOB,NE,NEW,18,122,2,1,16.22,4.96,17.99666667,1.61,309.0833333,29.07038534,17.59495795,47.325,9.743747282,7.5,24.12,2.814933333
CG.BOB.NE.NEW.18,CG,BOB,NE,NEW,18,122,2,2,16.22,4.96,13.99333333,1.823333333,448.75,29.07038534,17.59495795,47.325,9.743747282,7.924058157,246.75,2.846933333
CG.BOB.NE.NEW.18,CG,BOB,NE,NEW,18,122,2,3,16.22,4.96,12.31666667,2.38,369.0833333,29.07038534,17.59495795,47.325,9.743747282,3.375263703,97.75,3.1056
CG.BOB.NE.NEW.18,CG,BOB,NE,NEW,18,122,3,2,16.15,5.33,12.56,1.116666667,316.4166667,35.79663859,20.82491136,48.73,9.434199275,3.056560249,23.15,6.1136
CG.BOB.NE.NEW.18,CG,BOB,NE,NEW,18,122,3,3,16.22,4.96,10.95,2.47,485.25,29.07038534,17.59495795,47.325,9.743747282,3.088792004,624.5,7.2336
CG.BOB.NE.NWW.19,CG,BOB,NE,NWW,19,135,1,1,21.325,5.41,16.87,1.476666667,153.5833333,19.46018765,10.23220915,35.42,16.39915988,0.564832544,NA,1.321066667
CG.BOB.NE.NWW.19,CG,BOB,NE,NWW,19,135,1,2,21.325,5.41,25.48666667,1.233333333,123.25,19.46018765,10.23220915,35.42,16.39916,0.618020515,NA,1.7744
CG.BOB.NE.NWW.19,CG,BOB,NE,NWW,19,135,1,3,21.325,5.41,27.81666667,1.086666667,137.5833333,19.46018765,10.23220915,35.42,16.39915988,1.788589425,NA,1.750933333
CG.BOB.NE.NWW.19,CG,BOB,NE,NWW,19,135,2,1,21.31,5.49,35.12,0.193333333,59.66666667,17.65772237,9.765499392,35.63,16.32575414,2.514594403,NA,1.435733333
CG.BOB.NE.NWW.19,CG,BOB,NE,NWW,19,135,2,2,21.31,5.49,38.2,0.52,117.4166667,17.65772237,9.765499392,35.63,16.32575414,0.665299144,18.5,2.475733333
CG.BOB.NE.NWW.19,CG,BOB,NE,NWW,19,135,2,3,21.31,5.49,34.85666667,1.97,126.0833333,17.65772237,9.765499392,35.63,16.32575414,0.944754986,24.75,0.388266667
CG.BOB.NE.NWW.19,CG,BOB,NE,NWW,19,135,3,1,21.31,5.49,26.92666667,2.6,91.16666667,17.65772237,9.765499392,35.63,16.32575414,0.400844146,NA,2.254933333
CG.BOB.NE.NWW.19,CG,BOB,NE,NWW,19,135,3,2,21.31,5.49,25.69,1.03,183.25,17.65772237,9.765499392,35.63,16.32575414,0.38961039,NA,2.22187
CG.BOB.NE.NWW.19,CG,BOB,NE,NWW,19,135,3,3,21,5.41,37.97666667,1.223333333,150.9166667,17.23768358,8.737933248,36.12,15.89820693,0.282312046,47.25,1.938666667
CG.BOB.NW.NE.18,CG,BOB,NW,NE,18,123,1,1,19.89,-0.92,11.38666667,0.453333333,272.0833333,25.10415706,12.78301939,24.77,17.51774536,1.216327281,377.75,2.468266667
CG.BOB.NW.NE.18,CG,BOB,NW,NE,18,123,1,2,19.89,-0.92,10.46,0.846666667,464.9166667,25.10415706,12.78301939,24.77,17.51774536,19.63961012,275.75,2.836266667
CG.BOB.NW.NE.18,CG,BOB,NW,NE,18,123,2,1,19.89,-0.92,6.556666667,0.856666667,375.5833333,25.10415706,12.78301939,24.77,17.51774536,4.803844614,540.25,2.366933333
CG.BOB.NW.NE.18,CG,BOB,NW,NE,18,123,2,3,20.04333333,-0.6,4.746666667,0.753333333,359.5,26.22805235,12.8343398,25.10333333,17.603867,0.519615242,347.75,3.340266667
CG.BOB.NW.NE.18,CG,BOB,NW,NE,18,123,3,1,19.89,-0.92,10.53333333,0.46,496.6666667,25.10415706,12.78301939,24.77,17.51774536,17.32050808,129.25,2.6096
CG.BOB.NW.NE.18,CG,BOB,NW,NE,18,123,3,2,19.89,-0.92,8.096666667,1.183333333,495.5,25.10415706,12.78301939,24.77,17.51774536,12.99038106,309,3.4096
CG.BOB.NW.NE.18,CG,BOB,NW,NE,18,123,3,3,19.89,-0.92,13.06333333,0.48,302.6666667,25.10415706,12.78301939,24.77,17.51774536,12.99038106,283.75,1.318933333
CG.BOB.SE.NEW.18,CG,BOB,SE,NEW,18,122,1,1,16.46,6.03,16.57333333,0.95,184.75,32.8048681,18.79552858,50.15,9.355967668,0.798275224,142.25,3.348266667
CG.BOB.SE.NEW.18,CG,BOB,SE,NEW,18,122,1,2,16.46,6.03,24,0.596666667,210.5,32.8048681,18.79552858,50.15,9.355967668,0.616106056,29.6,2.174933333
CG.BOB.SE.NEW.18,CG,BOB,SE,NEW,18,122,1,3,16.46,6.03,22.37333333,0.493333333,317.5,32.8048681,18.79552858,50.15,9.355967668,0.8807038,31.86,3.140266667
CG.BOB.SE.NEW.18,CG,BOB,SE,NEW,18,122,2,1,16.73,5.78,26.15,0.486666667,156.75,33.21927418,19.06589837,48.47,9.841181677,0.105150591,23,1.158933333
CG.BOB.SE.NEW.18,CG,BOB,SE,NEW,18,122,2,3,16.73,5.78,18.10333333,0.613333333,237.6666667,33.21927418,19.06589837,48.47,9.841181677,2.399360256,86,3.0576
CG.BOB.SE.NEW.18,CG,BOB,SE,NEW,18,122,3,2,16.46,6.03,26.28333333,2.01,181,32.8048681,18.79552858,50.15,9.355967668,9.332565253,94.5,1.364266667
CG.BOB.SE.NEW.18,CG,BOB,SE,NEW,18,122,3,3,16.46,6.03,21.61333333,1.58,159.9166667,32.8048681,18.79552858,50.15,9.355967668,0.978318664,27.99,1.278933333
CG.BOB.SE.SEW.19,CG,BOB,SE,SEW,19,133,1,1,21.11,7.88,43.13,0.28,44.17,34.823,24.2496,42.49,14.41,NA,NA,0.94987
CG.BOB.SE.SEW.19,CG,BOB,SE,SEW,19,133,2,1,21.275,7.86,25.19,3.386666667,203.25,35.54397158,23.31617587,42.005,14.67117593,3.740272357,NA,2.48
CG.BOB.SE.SEW.19,CG,BOB,SE,SEW,19,133,2,2,21.275,7.86,18.51666667,1.256666667,155.9166667,35.54397158,23.31617587,42.005,14.67117593,0.727820972,13.75,3.539733333
CG.BOB.SE.SEW.19,CG,BOB,SE,SEW,19,133,2,3,21.535,7.66,39.32,1.453333333,96.33333333,35.16598105,22.67078391,40.81,15.2212527,0.004809731,261.75,1.834133333
CG.BOB.SW.SE.18,CG,BOB,SW,SE,18,123,1,1,21.52,0.67,11.03,0.756666667,385.75,37.85177088,15.19864474,25.09,19.26827782,5.447047794,275.5,2.5456
CG.BOB.SW.SE.18,CG,BOB,SW,SE,18,123,1,2,21.52,0.67,9.34,0.843333333,369.4166667,37.85177088,15.19864474,25.09,19.26827782,6.495190528,210,2.5616
CG.BOB.SW.SE.18,CG,BOB,SW,SE,18,123,2,1,21.52,0.67,15.73,0.443333333,355.5833333,37.85177088,15.19864474,25.09,19.26827782,17.32050808,242.25,1.2096
CG.BOB.SW.SE.18,CG,BOB,SW,SE,18,123,2,2,21.52,0.67,11.84666667,0.533333333,363.5,37.85177088,15.19864474,25.09,19.26827782,5.447047794,408.75,1.716266667
CG.BOB.SW.SE.18,CG,BOB,SW,SE,18,123,2,3,21.52,0.67,8.793333333,0.606666667,400.1666667,37.85177088,15.19864474,25.09,19.26827782,7.924058157,72,1.886933333
CG.BOB.SW.SE.18,CG,BOB,SW,SE,18,123,3,1,21.52,0.67,14.73333333,1.173333333,520.9166667,37.85177088,15.19864474,25.09,19.26827782,3.347136015,98.25,1.340266667
CG.BOB.SW.SE.18,CG,BOB,SW,SE,18,123,3,2,21.52,0.67,13.10666667,0.41,156.9166667,37.85177088,15.19864474,25.09,19.26827782,0.970100231,305.75,1.8976
CG.BOB.SW.SW.19,CG,BOB,SW,SW,19,134,1,1,21.11,4.16,35.49,0.793333333,119.5,32.8048681,17.10893606,32.915,16.81827819,0.675508934,NA,1.0096
CG.BOB.SW.SW.19,CG,BOB,SW,SW,19,134,1,2,21.11,4.16,61.20666667,0.856666667,56.75,32.8048681,17.10893606,32.915,16.81827819,3.110855084,NA,0.8048
CG.BOB.SW.SW.19,CG,BOB,SW,SW,19,134,1,3,21.11,4.16,43.89666667,0.726666667,96.75,32.8048681,17.10893606,32.915,16.81827819,1.676178201,33.25,0.765333333
CG.BOB.SW.SW.19,CG,BOB,SW,SW,19,134,2,1,20.73,4.04,38.92666667,1.28,203.5,35.32831949,19.55996698,33.42,16.30925507,4.90990253,NA,1.535466667
CG.BOB.SW.SW.19,CG,BOB,SW,SW,19,134,2,2,20.73,4.04,34.24666667,2.293333333,126.8333333,35.32831949,19.55996698,33.42,16.30925507,0.104892326,NA,2.917333333
CG.BOB.SW.SW.19,CG,BOB,SW,SW,19,134,2,3,20.73,4.04,53.21666667,0.913333333,69.25,35.32831949,19.55996698,33.42,16.30925507,0.082580937,101.5,0.708266667
CG.BOB.SW.SW.19,CG,BOB,SW,SW,19,134,3,1,20.73,4.04,40.15,1.256666667,269.3333333,35.32831949,19.55996698,33.42,16.30925507,11.33893419,NA,2.5984
CG.BOB.SW.SW.19,CG,BOB,SW,SW,19,134,3,2,20.73,4.04,32.06,1.393333333,136.1666667,35.32831949,19.55996698,33.42,16.30925507,0.250746969,NA,2.715733333
CG.BOB.SW.SW.19,CG,BOB,SW,SW,19,134,3,3,20.73,4.04,30.90666667,1.326666667,192.4166667,35.32831949,19.55996698,33.42,16.30925507,0.907425906,18.75,1.939733333
H.Cle.Cl.CN.17,H,Cle,Cl,CN,17,301,1,1,11.21,-5.22,NA,0.45,293.1666667,30.86,19.86,31.57,9.17217435,6.495190528,17.5,NA
H.Cle.Cl.CN.17,H,Cle,Cl,CN,17,301,1,2,11.21,-5.22,NA,0.366666667,222.25,30.86,19.86,31.57,9.17217435,30,22.5,NA
H.Cle.Cl.CN.17,H,Cle,Cl,CN,17,301,1,3,11.21,-5.22,NA,0.196666667,173.1666667,30.86,19.86,31.57,9.17217435,30,28.31,NA
H.Cle.Cl.CN.17,H,Cle,Cl,CN,17,301,2,1,11.21,-5.22,NA,0.483333333,336.9166667,30.86,19.86,31.57,9.17217435,12.99038106,255.25,NA
H.Cle.Cl.CN.17,H,Cle,Cl,CN,17,301,2,3,11.21,-5.22,NA,0.433333333,381.8333333,30.86,19.86,31.57,9.17217435,8.320502943,24.77,NA
H.Cle.Cl.CN.17,H,Cle,Cl,CN,17,301,3,1,11.21,-5.22,NA,0.14,144.75,30.86,19.86,31.57,9.17217435,0.599241441,170,NA
H.Cle.Cl.CN.17,H,Cle,Cl,CN,17,301,3,2,11.88,-4.27,NA,0.38,171.88,30.86,20.45,32.38,9.47,2.69407953,48,NA
H.Cle.Cl.CN.17,H,Cle,Cl,CN,17,301,3,3,11.21,-5.22,NA,0.183333333,157.0833333,30.86,19.86,31.57,9.17217435,0.862677047,178.75,NA
H.Cle.Cl.NE.17,H,Cle,Cl,NE,17,301,1,1,7.95,-4.26,NA,0.643333333,294.4166667,26,15.59,42.39,6.238550053,11.33893419,190.5,NA
H.Cle.Cl.NE.17,H,Cle,Cl,NE,17,301,1,2,7.95,-4.26,NA,0.61,176.0833333,26,15.59,42.39,6.238550053,1.645637984,364,NA
H.Cle.Cl.NE.17,H,Cle,Cl,NE,17,301,1,3,7.95,-4.26,NA,0.34,321.1666667,26,15.59,42.39,6.238550053,10,96.5,NA
H.Cle.Cl.NE.17,H,Cle,Cl,NE,17,301,2,1,7.95,-4.26,NA,0.7,216.4,26,15.59,42.39,6.238550053,2.474358297,21.22,NA
H.Cle.Cl.NE.17,H,Cle,Cl,NE,17,301,2,3,7.95,-4.26,NA,0.356666667,275.75,26,15.59,42.39,6.238550053,2.669084216,22.19,NA
H.Cle.Cl.NE.17,H,Cle,Cl,NE,17,301,3,1,7.95,-4.26,NA,0.553333333,436,26,15.59,42.39,6.238550053,4.505635569,91.75,NA
H.Cle.Cl.NE.17,H,Cle,Cl,NE,17,301,3,3,7.95,-4.26,NA,0.476666667,293.0833333,26,15.59,42.39,6.238550053,9.332565253,21.54,NA
H.Cle.Cl.NO.18,H,Cle,Cl,NO,18,291,1,1,16.94,4.08,66.38,0.83,231.5,19.34,10.08,42.5,11.12816025,0.619864701,201.5,1.4768
H.Cle.Cl.NO.18,H,Cle,Cl,NO,18,291,2,1,15.73,3.75,59.17666667,0.85,303.5833333,20.78,8.91,44.96,9.88366493,5.447047794,27.02,0.9984
H.Cle.Cl.NO.18,H,Cle,Cl,NO,18,291,2,2,15.73,3.75,52.22666667,1.02,322.1666667,20.78,8.91,44.96,9.88366493,6.348110543,27.99,1.361066667
H.Cle.Cl.NO.18,H,Cle,Cl,NO,18,291,2,3,15.73,3.75,49.62666667,0.69,286.1666667,20.78,8.91,44.96,9.88366493,4.505635569,120,1.2256
H.Cle.Cl.NO.18,H,Cle,Cl,NO,18,291,3,2,15.73,3.75,45.75,0.903333333,306.8333333,20.78,8.91,44.96,9.88366493,10,250.75,1.741333333
H.Cle.Cl.NO.18,H,Cle,Cl,NO,18,291,3,3,15.73,3.75,52.34,0.97,257,20.78,8.91,44.96,9.88366493,14.41153384,19.29,1.722666667
H.Cle.Cl.SW.18,H,Cle,Cl,SW,18,291,1,1,17.93,3.82,116.5066667,0.383333333,213.8333333,19.94,9.85,39.24,12.52236541,4.57495711,225.5,0.704
H.Cle.Cl.SW.18,H,Cle,Cl,SW,18,291,1,2,17.93,3.82,64.72666667,0.913333333,101.1666667,19.94,9.85,39.24,12.52236541,1.079723626,239.25,1.821866667
H.Cle.Cl.SW.18,H,Cle,Cl,SW,18,291,2,3,18.42,3.69,61.08,0.96,296.3333333,20.3,9.38,37.65,13.23790548,2.049162481,53.75,1.3056
H.Cle.Cl.SW.18,H,Cle,Cl,SW,18,291,3,1,18.09333333,3.776666667,91.13,0.4,105.3333333,20.06,9.693333333,38.71,12.75902544,0.097580198,237,0.965866667
H.Cle.Cl.SW.18,H,Cle,Cl,SW,18,291,3,2,17.93,3.82,85.62,0.656666667,216.4166667,19.94,9.85,39.24,12.52236541,2.474358297,26.38,1.5488
H.Day.NW.NA.19,H,Day,NW,NA,19,280,1,2,13.65,1.11,72.82666667,2.79,218.5,16.32,7.88,42.6,9.009596666,0.258300955,NA,3.152533333
H.Day.NW.NA.19,H,Day,NW,NA,19,280,1,3,13.65,1.11,65.73,1.783333333,345.4166667,16.32,7.88,42.6,9.009596666,3.056560249,NA,3.599466667
H.Day.NW.NA.19,H,Day,NW,NA,19,280,2,1,13.65,1.11,102.2666667,3.66,182.3333333,16.32,7.88,42.6,9.009596666,0.34946779,NA,2.9504
H.Day.NW.NA.19,H,Day,NW,NA,19,280,2,2,13.65,1.11,61.96,2.37,293.63,16.32,7.88,42.6,9.009597,NA,NA,3.1184
H.Day.NW.NA.19,H,Day,NW,NA,19,280,2,3,13.65,1.11,47.56666667,2.65,303.4166667,16.32,7.88,42.6,9.009596666,0.291491191,NA,3.317866667
H.Day.NW.NA.19,H,Day,NW,NA,19,280,3,1,14.12,1.11,57.97,1.446666667,228.1666667,17.02,9.19,41.15,9.494128444,0.974354704,NA,1.9264
H.Day.NW.NA.19,H,Day,NW,NA,19,280,3,2,14.12,1.11,44.11,1.3,143.38,17.02,9.19,41.15,9.494128444,1.361761949,NA,1.44373
H.Day.NW.NA.19,H,Day,NW,NA,19,280,3,3,14.12,1.11,71.35333333,2.613333333,278.5833333,17.02,9.19,41.15,9.494128444,1.534264276,NA,2.280533333
H.Fit.Fi.NE.17,H,Fit,Fi,NE,17,300,1,1,6.23,-20.67,NA,0.806666667,216.25,18.14,10,13,8.3279711,3.711537445,388.5,NA
H.Fit.Fi.NE.17,H,Fit,Fi,NE,17,300,1,2,6.23,-20.67,NA,0.74,188.4166667,18.14,10,13,8.3279711,0.727820972,20.25,NA
H.Fit.Fi.NE.17,H,Fit,Fi,NE,17,300,2,1,6.23,-20.67,NA,0.446666667,101.5,18.14,10,13,8.3279711,1.110096398,21,NA
H.Fit.Fi.NE.17,H,Fit,Fi,NE,17,300,2,2,6.23,-20.67,NA,0.37,63.66666667,18.14,10,13,8.3279711,4.228568872,15.75,NA
H.Fit.Fi.NE.17,H,Fit,Fi,NE,17,300,2,3,6.62,-21.11,NA,0.58,101.25,19.4,10.88,12.22,8.631569261,0.280963421,24.75,NA
H.Fit.Fi.NW.18,H,Fit,Fi,NW,18,290,1,1,18.88,1.37,73.57333333,0.463333333,290.5833333,29.25,15.87,31.17,15.06940894,1.725354093,26.7,1.652266667
H.Fit.Fi.NW.18,H,Fit,Fi,NW,18,290,1,2,18.88,1.37,NA,0.313333333,75.33333333,29.25,15.87,31.17,15.06940894,3.711537445,71,NA
H.Fit.Fi.NW.18,H,Fit,Fi,NW,18,290,1,3,18.88,1.37,53.44333333,0.963333333,329.0833333,29.25,15.87,31.17,15.06940894,6.081636406,20.25,1.9328
H.Fit.Fi.NW.18,H,Fit,Fi,NW,18,290,3,1,18.88,1.37,30.7,0.7,515.38,29.25,15.87,31.17,15.06940894,NA,434.5,1.8688
H.Fit.Fi.NW.18,H,Fit,Fi,NW,18,290,3,2,18.88,1.37,54.77666667,0.606666667,356.0833333,29.25,15.87,31.17,15.06940894,4.931969619,216.25,1.3584
H.Fit.Fi.NW.18,H,Fit,Fi,NW,18,290,3,3,18.88,1.37,67.92,0.63,407.1666667,29.25,15.87,31.17,15.06940894,15,27.02,1.4672
H.Fit.Fi.SE.18,H,Fit,Fi,SE,18,290,1,1,19.93,0.38,118.1333333,1.436666667,287.4166667,27.75,16.51,27.11,17.00715336,8.542421962,28.31,1.5728
H.Fit.Fi.SE.18,H,Fit,Fi,SE,18,290,1,2,19.93,0.38,67.47,0.866666667,311.3333333,27.75,16.51,27.11,17.00715336,3.665083331,71,1.7016
H.Fit.Fi.SE.18,H,Fit,Fi,SE,18,290,1,3,19.93,0.38,53.15,0.93,158.75,27.75,16.51,27.11,17.00715336,0.503911158,30.57,1.796
H.Fit.Fi.SE.18,H,Fit,Fi,SE,18,290,2,1,19.93,0.38,49.30333333,0.946666667,459.5,27.75,16.51,27.11,17.00715336,30,25.41,2.168533333
H.Fit.Fi.SE.18,H,Fit,Fi,SE,18,290,2,2,19.93,0.38,85.06,0.943333333,318.6666667,27.75,16.51,27.11,17.00715336,17.32050808,180.25,0.928
H.Fit.Fi.SE.18,H,Fit,Fi,SE,18,290,3,3,19.93,0.38,73.49,0.853333333,338.75,27.75,16.51,27.11,17.00715336,7.924058157,320.5,1.6048
H.Fit.Fi.SW.17,H,Fit,Fi,SW,17,300,1,2,4.4,-13.66,NA,0.733333333,390,18.32,9.81,26.83,6.239243806,7.205766921,374.75,NA
H.Fit.Fi.SW.17,H,Fit,Fi,SW,17,300,1,3,4.4,-13.66,NA,0.536666667,317,18.32,9.81,26.83,6.239243806,4.271210981,524.5,NA
H.Fit.Fi.SW.17,H,Fit,Fi,SW,17,300,2,1,4.4,-13.66,NA,0.48,288.5833333,18.32,9.81,26.83,6.239243806,3.228732015,17.03,NA
H.Fit.Fi.SW.17,H,Fit,Fi,SW,17,300,2,2,4.4,-13.66,NA,0.586666667,193.0833333,18.32,9.81,26.83,6.239243806,2.723523897,20.9,NA
H.Fit.Fi.SW.17,H,Fit,Fi,SW,17,300,2,3,4.4,-13.66,NA,0.436666667,247.0833333,18.32,9.81,26.83,6.239243806,3.997040325,16.39,NA
H.Fit.Fi.SW.17,H,Fit,Fi,SW,17,300,3,1,5.19,-15.95,NA,0.38,149.5,18.86,10.33,20.6,7.081875874,14.41153384,13.5,NA
H.Fit.Fi.SW.17,H,Fit,Fi,SW,17,300,3,2,5.19,-15.95,NA,0.45,255.5,18.86,10.33,20.6,7.081875874,4.72377493,54.25,NA
H.Fit.Fi.SW.17,H,Fit,Fi,SW,17,300,3,3,5.19,-15.95,NA,0.58,168.13,18.86,10.33,20.6,7.081875874,5.447047794,27,NA
H.Fit.SE.NA.19,H,Fit,SE,NA,19,281,1,1,24.83,1.11,88.37666667,0.186666667,296.0833333,13.8146089,3.724022016,21.21,24.74531165,0.552064131,NA,2.340266667
H.Fit.SE.NA.19,H,Fit,SE,NA,19,281,1,2,24.655,1.39,79.73666667,0.343333333,273.25,17.01720346,6.369783552,21.755,24.28454758,1.188643278,NA,2.495466667
H.Fit.SE.NA.19,H,Fit,SE,NA,19,281,1,3,24.655,1.39,67.13333333,1.32,300.3333333,17.01720346,6.369783552,21.755,24.28454758,0.558919968,NA,2.1616
H.Fit.SE.NA.19,H,Fit,SE,NA,19,281,3,2,24.655,1.39,78.16,1.11,229.75,17.01720346,6.369783552,21.755,24.28454758,1.033663691,NA,2.47627
