FireCode,location,block,pasture,patch,year,plot,array,AirTemp,dpC,FuelMoisture,LAI,MaxC,RH,WindSpeed,VPD,ros,SoilMaxC,tHa
CG.BAR.NE.NE.18,CG,BAR,NE,NE,18,1,2,25.51,8.32,37.019999999999996,0.4033333333333333,258.1666666666667,33.52,19.67,21.694578176557826,17.320508075704524,94.25,1.6309333333333333
CG.BAR.NE.NE.18,CG,BAR,NE,NE,18,1,3,25.51,8.32,49.166666666666664,0.5233333333333333,288,33.52,19.67,21.694578176557826,1.9941002821317064,565.75,1.822933333333333
CG.BAR.NE.NE.18,CG,BAR,NE,NE,18,2,1,25.09,8.53,59,0.2833333333333333,53.583333333333336,34.82,19.38,20.732020833571475,0.6375287226441482,43.5,1.3829333333333333
CG.BAR.NE.NE.18,CG,BAR,NE,NE,18,2,2,25.51,8.32,43.803333333333335,0.26,104.08333333333333,33.52,19.67,21.694578176557826,0.8072804131525755,116.75,1.582933333333333
CG.BAR.NE.NE.18,CG,BAR,NE,NE,18,2,3,25.51,8.32,76.85000000000001,0.14,60.083333333333336,33.52,19.67,21.694578176557826,0.48625921607829836,36,1.0042666666666666
CG.BAR.NE.NE.18,CG,BAR,NE,NE,18,3,2,25.92,8.11,20.83,0.8633333333333333,411.5,32.21,19.96,22.653054034157243,2.141037306314502,198.5,2.9936
CG.BAR.NE.NE.18,CG,BAR,NE,NE,18,3,3,25.92,8.11,86.41,0.6366666666666667,188.41666666666666,32.21,19.96,22.653054034157243,3.927922024247991,49,2.1376000000000004
CG.BAR.NE.SWW.19,CG,BAR,NE,SWW,19,1,1,10.69,-1.28,31.11,NA,92,43.59,15.85,7.299210414358771,0.545695125263576,NA,0.92
CG.BAR.NE.SWW.19,CG,BAR,NE,SWW,19,1,3,10.69,-1.28,23.463333333333335,NA,185.5,43.59,15.85,7.299210414358771,2.9801978033950474,NA,1.0314666666666668
CG.BAR.NW.NE.19,CG,BAR,NW,NE,19,1,2,11.129999999999999,-1.1933333333333334,32.72333333333333,NA,73.91666666666667,42.70333333333333,14.77,7.645670122240534,0.013632377312153554,NA,2.812266666666667
CG.BAR.NW.NE.19,CG,BAR,NW,NE,19,2,1,11,-1.16,20.4,NA,135.5,43.08,14.88,7.518037082279671,0.44806073327219587,NA,1.0656
CG.BAR.NW.NE.19,CG,BAR,NW,NE,19,2,2,11,-1.16,49.79333333333334,NA,45.666666666666664,43.08,14.88,7.518037082279671,0.22721839817759554,NA,0.5413333333333332
CG.BAR.NW.NE.19,CG,BAR,NW,NE,19,2,3,11,-1.16,28.096666666666668,NA,164.91666666666666,43.08,14.88,7.518037082279671,0.2572258127203206,NA,0.8346666666666667
CG.BAR.NW.NE.19,CG,BAR,NW,NE,19,3,1,10.59,-0.76,13.773333333333333,NA,203.5,45.65,15.18,6.997273720109621,0.6907359106421144,NA,1.2570666666666666
CG.BAR.NW.NE.19,CG,BAR,NW,NE,19,3,2,10.59,-0.76,13.813333333333333,NA,220.75,45.65,15.18,6.997273720109621,0.6842375537766575,NA,1.5152
CG.BAR.NW.NW.18,CG,BAR,NW,NW,18,1,1,24.87,6.16,104.88333333333334,0.25333333333333335,44.916666666666664,30.04,18.34,21.98364125632286,1.1314714296070514,43.75,0.5882666666666666
CG.BAR.NW.NW.18,CG,BAR,NW,NW,18,1,3,25.24,6.35,82.66666666666667,0.43333333333333335,64.75,29.75,16.75,22.558996216378045,0.9127300866334502,258,0.9136
CG.BAR.NW.NW.18,CG,BAR,NW,NW,18,2,2,24.87,6.16,58.23,1.17,234,30.04,18.34,21.98364125632286,3.2287320150031107,39.15,1.8789333333333331
CG.BAR.NW.NW.18,CG,BAR,NW,NW,18,2,3,24.87,6.16,77.85666666666667,1.2166666666666668,296.1666666666667,30.04,18.34,21.98364125632286,2.430657581826018,194.75,2.3296
CG.BAR.NW.NW.18,CG,BAR,NW,NW,18,3,1,24.87,6.16,62.12,0.9666666666666667,197.41666666666666,30.04,18.34,21.98364125632286,0.46344368516560286,107.25,1.9269333333333334
CG.BAR.NW.NW.18,CG,BAR,NW,NW,18,3,2,24.87,6.16,40.946666666666665,1.1133333333333333,198.08333333333334,30.04,18.34,21.98364125632286,8.320502943377273,80,3.1056
CG.BAR.NW.NW.18,CG,BAR,NW,NW,18,3,3,24.87,6.16,70.57666666666667,0.49333333333333335,207.41666666666666,30.04,18.34,21.98364125632286,0.42943408452118825,132.5,1.7802666666666667
CG.BAR.SE.SEE.18,CG,BAR,SE,SEE,18,1,1,28.33,7.78,26.94333333333333,1.1233333333333333,227.41666666666666,27.29,8.48,27.970544274182075,2.4549512651550542,49.9,3.7056
CG.BAR.SE.SEE.18,CG,BAR,SE,SEE,18,1,2,28.33,7.78,28.653333333333336,0.55,139.91666666666666,27.29,8.48,27.970544274182075,0.6060503002219696,245.25,2.3615999999999997
CG.BAR.SE.SEE.18,CG,BAR,SE,SEE,18,1,3,28.33,7.78,33.74,0.92,251,27.29,8.48,27.970544274182075,2.3261172892364015,262,2.5696
CG.BAR.SE.SEE.18,CG,BAR,SE,SEE,18,2,3,28.33,7.78,54.41,1.3366666666666667,216.08333333333334,27.29,8.48,27.970544274182075,1.4173667737846825,142.25,5.092266666666666
CG.BAR.SE.SEE.18,CG,BAR,SE,SEE,18,3,1,28.09,8.04,65.23333333333333,2.1399999999999997,279,28.19,8.67,27.247562000244287,1.9597660033923385,356.25,4.342933333333334
CG.BAR.SE.SEE.18,CG,BAR,SE,SEE,18,3,2,28.09,8.04,35.08,2.1766666666666667,300.3333333333333,28.19,8.67,27.247562000244287,0.6925741182141621,184.5,4.3136
CG.BAR.SE.SEE.18,CG,BAR,SE,SEE,18,3,3,28.09,8.04,44.416666666666664,2.61,347.75,28.19,8.67,27.247562000244287,0.7216878364870049,61.75,6.332266666666667
CG.BAR.SE.SWE.19,CG,BAR,SE,SWE,19,1,1,22.14,7.36,26.076666666666668,1.44,336.75,38.5,19.66,16.400977461254996,1.1338934190276633,NA,2.344533333333333
CG.BAR.SE.SWE.19,CG,BAR,SE,SWE,19,1,2,22.14,7.36,26.380000000000003,1.5466666666666666,292.5,38.5,19.66,16.400977461254996,3.3062326126671664,NA,2.5296
CG.BAR.SE.SWE.19,CG,BAR,SE,SWE,19,1,3,22.14,7.36,21.41,1.54,281.5,38.5,19.66,16.400977461254996,1.5382929861150507,24.25,1.9376
CG.BAR.SE.SWE.19,CG,BAR,SE,SWE,19,2,1,21.933333333333334,7.51,19.376666666666665,0.13333333333333333,120,39.40333333333333,20.463333333333335,15.961232643425932,0.1374811891184027,NA,1.4352
CG.BAR.SE.SWE.19,CG,BAR,SE,SWE,19,2,2,22.05,7.43,35.64,0.5599999999999999,190.25,38.9,20.01,16.205839197617713,0.8179114788986128,NA,2.456
CG.BAR.SE.SWE.19,CG,BAR,SE,SWE,19,2,3,22.05,7.43,33.04333333333334,0.7433333333333333,390.5,38.9,20.01,16.205839197617713,11.920791213596237,39.75,2.8928000000000003
CG.BAR.SE.SWE.19,CG,BAR,SE,SWE,19,3,1,22.05,7.43,33.36,0.2,165.83333333333334,38.9,20.01,16.205839197617713,0.31972236470026605,NA,3.2421333333333333
CG.BAR.SE.SWE.19,CG,BAR,SE,SWE,19,3,2,22.05,7.43,35.71,0.3933333333333333,181.75,38.9,20.01,16.205839197617713,0.5603481050535316,NA,2.5616
CG.BAR.SE.SWE.19,CG,BAR,SE,SWE,19,3,3,22.05,7.43,39.43666666666667,0.6433333333333333,185.33333333333334,38.9,20.01,16.205839197617713,0.07407196668641136,27.5,2.6565333333333334
CG.BAR.SW.NE.18,CG,BAR,SW,NE,18,1,1,27.253333333333334,8.036666666666667,64.71,0.7466666666666666,120.08333333333333,29.63,5.953333333333333,25.438492169708233,0.019682851638088993,61,2.0016
CG.BAR.SW.NE.18,CG,BAR,SW,NE,18,1,2,27.473333333333333,7.970000000000001,163.10333333333335,0.20666666666666667,43.333333333333336,29.103333333333335,6.28,25.95611539453633,0.04276043039410781,45.5,0.7776000000000001
CG.BAR.SW.NE.18,CG,BAR,SW,NE,18,1,3,27.473333333333333,7.970000000000001,87.34,0.20333333333333334,46.416666666666664,29.103333333333335,6.28,25.95611539453633,0.046885455767806165,46,0.8576
CG.BAR.SW.NE.18,CG,BAR,SW,NE,18,2,1,26.54,8.68,72.26666666666667,0.7666666666666666,73.58333333333333,32.25,6.88,23.47348358022995,0.8045662061935183,731.75,2.0682666666666663
CG.BAR.SW.NE.18,CG,BAR,SW,NE,18,2,2,26.54,8.68,48.846666666666664,0.8533333333333333,128.08333333333334,32.25,6.88,23.47348358022995,0.8514850866846873,53.77,1.7349333333333334
CG.BAR.SW.NE.18,CG,BAR,SW,NE,18,3,1,26.54,8.68,67.87333333333333,1.6233333333333333,173,32.25,6.88,23.47348358022995,0.4510215933427268,151.5,3.238933333333333
CG.BAR.SW.NE.18,CG,BAR,SW,NE,18,3,3,26.54,8.68,65.34,1.15,307.0833333333333,32.25,6.88,23.47348358022995,0.348546717669529,46.68,2.6202666666666667
CG.BAR.SW.SE.19,CG,BAR,SW,SE,19,1,1,11.92,-1.18,14.67,NA,277.1666666666667,40.48,14.71,8.35118051967305,3.4641016151377544,NA,2.6368
CG.BAR.SW.SE.19,CG,BAR,SW,SE,19,1,2,11.92,-1.18,12.866666666666667,NA,310.5833333333333,40.48,14.71,8.35118051967305,5.999999999997271,NA,1.5808
CG.BAR.SW.SE.19,CG,BAR,SW,SE,19,1,3,11.92,-1.18,10.263333333333334,NA,504.4166666666667,40.48,14.71,8.35118051967305,5.000000000001704,21.5,3.2858666666666667
CG.BAR.SW.SE.19,CG,BAR,SW,SE,19,2,1,11.92,-1.18,10.66,NA,418.5833333333333,40.48,14.71,8.35118051967305,25.980762113468177,NA,2.4528000000000003
CG.BAR.SW.SE.19,CG,BAR,SW,SE,19,2,2,11.92,-1.18,10.22,NA,345,40.48,14.71,8.35118051967305,6.4951905283836595,14.25,1.5845333333333333
CG.BAR.SW.SE.19,CG,BAR,SW,SE,19,2,3,11.92,-1.18,12.649999999999999,NA,450.6666666666667,40.48,14.71,8.35118051967305,3.7402723571554506,20,3.8192
CG.BAR.SW.SE.19,CG,BAR,SW,SE,19,3,1,11.92,-1.18,23.37,NA,486.8333333333333,40.48,14.71,8.35118051967305,5.119921115895044,NA,1.5429333333333335
CG.BAR.SW.SE.19,CG,BAR,SW,SE,19,3,2,11.92,-1.18,21.233333333333334,NA,355.25,40.48,14.71,8.35118051967305,4.505635568895421,NA,2.0533333333333337
CG.BAR.SW.SE.19,CG,BAR,SW,SE,19,3,3,11.92,-1.18,17.88,NA,204.41666666666666,40.48,14.71,8.35118051967305,2.0587905489224245,23.5,1.9386666666666665
CG.BOB.NE.NEW.18,CG,BOB,NE,NEW,18,1,2,16.22,4.96,NA,0.9433333333333334,185.41666666666666,47.325,17.59495795,9.743747281596125,1.3279884160567434,20.25,NA
CG.BOB.NE.NEW.18,CG,BOB,NE,NEW,18,1,3,16.29,4.6,NA,2.34,252,45.92,14.36500454,10.042555278941702,4.6108396762065285,180.75,NA
CG.BOB.NE.NEW.18,CG,BOB,NE,NEW,18,2,1,16.22,4.96,17.996666666666666,1.6099999999999999,309.0833333333333,47.325,17.59495795,9.743747281596125,7.500000000006819,24.12,2.8149333333333333
CG.BOB.NE.NEW.18,CG,BOB,NE,NEW,18,2,2,16.22,4.96,13.993333333333334,1.8233333333333333,448.75,47.325,17.59495795,9.743747281596125,7.924058156921481,246.75,2.8469333333333333
CG.BOB.NE.NEW.18,CG,BOB,NE,NEW,18,2,3,16.22,4.96,12.316666666666666,2.38,369.0833333333333,47.325,17.59495795,9.743747281596125,3.375263702778227,97.75,3.1056
CG.BOB.NE.NEW.18,CG,BOB,NE,NEW,18,3,2,16.15,5.33,NA,1.1166666666666667,316.4166666666667,48.73,20.82491136,9.434199274588105,3.0565602486512873,23.15,NA
CG.BOB.NE.NEW.18,CG,BOB,NE,NEW,18,3,3,16.22,4.96,NA,2.4699999999999998,485.25,47.325,17.59495795,9.743747281596125,3.0887920037460375,624.5,NA
CG.BOB.NE.NWW.19,CG,BOB,NE,NWW,19,1,1,21.325,5.41,16.87,1.4766666666666666,153.58333333333334,35.42,10.23220915,16.39915987877672,0.5648325441286336,NA,1.3210666666666666
CG.BOB.NE.NWW.19,CG,BOB,NE,NWW,19,1,2,21.325,NA,25.486666666666668,1.2333333333333334,123.25,35.42,10.23220915,NA,0.6180205145014641,NA,1.7744000000000002
CG.BOB.NE.NWW.19,CG,BOB,NE,NWW,19,1,3,21.325,5.41,27.816666666666666,1.0866666666666667,137.58333333333334,35.42,10.23220915,16.39915987877672,1.7885894254139452,NA,1.7509333333333335
CG.BOB.NE.NWW.19,CG,BOB,NE,NWW,19,2,1,21.31,5.49,35.12,0.19333333333333333,59.666666666666664,35.63,9.765499392,16.325754141743857,2.5145944030226866,NA,1.4357333333333333
CG.BOB.NE.NWW.19,CG,BOB,NE,NWW,19,2,2,21.31,5.49,38.199999999999996,0.52,117.41666666666667,35.63,9.765499392,16.325754141743857,0.6652991438591181,18.5,2.4757333333333333
CG.BOB.NE.NWW.19,CG,BOB,NE,NWW,19,2,3,21.31,5.49,34.85666666666667,1.97,126.08333333333333,35.63,9.765499392,16.325754141743857,0.9447549859468165,24.75,0.38826666666666665
CG.BOB.NE.NWW.19,CG,BOB,NE,NWW,19,3,1,21.31,5.49,26.926666666666666,2.6,91.16666666666667,35.63,9.765499392,16.325754141743857,0.40084414616755626,NA,2.2549333333333332
CG.BOB.NE.NWW.19,CG,BOB,NE,NWW,19,3,3,21,5.41,37.97666666666667,1.2233333333333334,150.91666666666666,36.12,8.737933248,15.898206927168722,0.28231204633794516,47.25,1.9386666666666665
CG.BOB.NW.NE.18,CG,BOB,NW,NE,18,1,1,19.89,-0.92,11.386666666666667,0.4533333333333333,272.0833333333333,24.77,12.78301939,17.517745360418107,1.2163272811190222,377.75,2.4682666666666666
CG.BOB.NW.NE.18,CG,BOB,NW,NE,18,1,2,19.89,-0.92,10.459999999999999,0.8466666666666667,464.9166666666667,24.77,12.78301939,17.517745360418107,19.639610121218897,275.75,2.836266666666667
CG.BOB.NW.NE.18,CG,BOB,NW,NE,18,2,1,19.89,-0.92,6.556666666666667,0.8566666666666667,375.5833333333333,24.77,12.78301939,17.517745360418107,4.803844614154042,540.25,2.3669333333333333
CG.BOB.NW.NE.18,CG,BOB,NW,NE,18,2,3,20.043333333333333,-0.6,4.746666666666667,0.7533333333333333,359.5,25.10333333333333,12.834339796666667,17.603867000013206,0.5196152422706396,347.75,3.340266666666667
CG.BOB.NW.NE.18,CG,BOB,NW,NE,18,3,1,19.89,-0.92,10.533333333333333,0.46,496.6666666666667,24.77,12.78301939,17.517745360418107,17.320508075665142,129.25,2.6096
CG.BOB.NW.NE.18,CG,BOB,NW,NE,18,3,2,19.89,-0.92,8.096666666666666,1.1833333333333333,495.5,24.77,12.78301939,17.517745360418107,12.990381056778393,309,3.4095999999999997
CG.BOB.NW.NE.18,CG,BOB,NW,NE,18,3,3,19.89,-0.92,13.063333333333333,0.48,302.6666666666667,24.77,12.78301939,17.517745360418107,12.990381056756242,283.75,1.3189333333333333
CG.BOB.SE.NEW.18,CG,BOB,SE,NEW,18,1,1,16.46,6.03,16.573333333333334,0.95,184.75,50.15,18.79552858,9.355967667756044,0.7982752235580869,142.25,3.3482666666666665
CG.BOB.SE.NEW.18,CG,BOB,SE,NEW,18,1,2,16.46,6.03,24,0.5966666666666667,210.5,50.15,18.79552858,9.355967667756044,0.616106056040814,29.6,2.1749333333333336
CG.BOB.SE.NEW.18,CG,BOB,SE,NEW,18,1,3,16.46,6.03,22.373333333333335,0.49333333333333335,317.5,50.15,18.79552858,9.355967667756044,0.8807038004588393,31.86,3.1402666666666663
CG.BOB.SE.NEW.18,CG,BOB,SE,NEW,18,2,1,16.73,5.78,26.150000000000002,0.4866666666666667,156.75,48.47,19.06589837,9.84118167704807,0.10515059147505454,23,1.1589333333333334
CG.BOB.SE.NEW.18,CG,BOB,SE,NEW,18,2,3,16.73,5.78,18.10333333333333,0.6133333333333333,237.66666666666666,48.47,19.06589837,9.84118167704807,2.399360255886485,86,3.0576
CG.BOB.SE.NEW.18,CG,BOB,SE,NEW,18,3,2,16.46,6.03,26.28333333333333,2.0100000000000002,181,50.15,18.79552858,9.355967667756044,9.33256525257102,94.5,1.3642666666666667
CG.BOB.SE.NEW.18,CG,BOB,SE,NEW,18,3,3,16.46,6.03,21.613333333333333,1.58,159.91666666666666,50.15,18.79552858,9.355967667756044,0.9783186641991242,27.99,1.2789333333333335
CG.BOB.SE.SEW.19,CG,BOB,SE,SEW,19,2,1,21.275,7.86,25.19,3.3866666666666667,203.25,42.005,23.31617587,14.671175932352305,3.7402723571553196,NA,2.48
CG.BOB.SE.SEW.19,CG,BOB,SE,SEW,19,2,2,21.275,7.86,18.516666666666666,1.2566666666666666,155.91666666666666,42.005,23.31617587,14.671175932352305,0.727820971590076,13.75,3.539733333333333
CG.BOB.SE.SEW.19,CG,BOB,SE,SEW,19,2,3,21.535,7.66,39.32,1.4533333333333334,96.33333333333333,40.81,22.67078391333333,15.221252703039827,0.004809730742659151,261.75,1.8341333333333334
CG.BOB.SW.SE.18,CG,BOB,SW,SE,18,1,1,21.52,0.67,11.03,0.7566666666666667,385.75,25.09,15.19864474,19.268277816207878,5.447047794017438,275.5,2.5456
CG.BOB.SW.SE.18,CG,BOB,SW,SE,18,1,2,21.52,0.67,9.34,0.8433333333333334,369.4166666666667,25.09,15.19864474,19.268277816207878,6.4951905283836595,210,2.5616
CG.BOB.SW.SE.18,CG,BOB,SW,SE,18,2,1,21.52,0.67,15.729999999999999,0.44333333333333336,355.5833333333333,25.09,15.19864474,19.268277816207878,17.320508075665142,242.25,1.2096
CG.BOB.SW.SE.18,CG,BOB,SW,SE,18,2,2,21.52,0.67,11.846666666666668,0.5333333333333333,363.5,25.09,15.19864474,19.268277816207878,5.447047794020705,408.75,1.7162666666666666
CG.BOB.SW.SE.18,CG,BOB,SW,SE,18,2,3,21.52,0.67,8.793333333333333,0.6066666666666667,400.1666666666667,25.09,15.19864474,19.268277816207878,7.924058156932797,72,1.8869333333333331
CG.BOB.SW.SE.18,CG,BOB,SW,SE,18,3,1,21.52,0.67,14.733333333333333,1.1733333333333333,520.9166666666666,25.09,15.19864474,19.268277816207878,3.347136014875314,98.25,1.3402666666666667
CG.BOB.SW.SE.18,CG,BOB,SW,SE,18,3,2,21.52,0.67,13.106666666666666,0.41,156.91666666666666,25.09,15.19864474,19.268277816207878,0.9701002309035953,305.75,1.8976
CG.BOB.SW.SW.19,CG,BOB,SW,SW,19,1,1,21.11,4.16,35.49,0.7933333333333333,119.5,32.915,17.10893606,16.818278194049167,0.6755089343840702,NA,1.0096
CG.BOB.SW.SW.19,CG,BOB,SW,SW,19,1,2,21.11,4.16,61.20666666666667,0.8566666666666667,56.75,32.915,17.10893606,16.818278194049167,3.110855084190796,NA,0.8048000000000001
CG.BOB.SW.SW.19,CG,BOB,SW,SW,19,1,3,21.11,4.16,43.89666666666667,0.7266666666666667,96.75,32.915,17.10893606,16.818278194049167,1.676178200873305,33.25,0.7653333333333334
CG.BOB.SW.SW.19,CG,BOB,SW,SW,19,2,1,20.73,4.04,38.92666666666666,1.28,203.5,33.42,19.55996698,16.309255066729815,4.9099025303083135,NA,1.5354666666666668
CG.BOB.SW.SW.19,CG,BOB,SW,SW,19,2,2,20.73,4.04,34.24666666666667,2.2933333333333334,126.83333333333333,33.42,19.55996698,16.309255066729815,0.10489232647443056,NA,2.9173333333333336
CG.BOB.SW.SW.19,CG,BOB,SW,SW,19,2,3,20.73,4.04,53.21666666666667,0.9133333333333333,69.25,33.42,19.55996698,16.309255066729815,0.08258093715338621,101.5,0.7082666666666666
CG.BOB.SW.SW.19,CG,BOB,SW,SW,19,3,1,20.73,4.04,40.15,1.2566666666666666,269.3333333333333,33.42,19.55996698,16.309255066729815,11.338934190270551,NA,2.5984000000000003
CG.BOB.SW.SW.19,CG,BOB,SW,SW,19,3,2,20.73,4.04,32.06,1.3933333333333333,136.16666666666666,33.42,19.55996698,16.309255066729815,0.2507469687457628,NA,2.7157333333333336
CG.BOB.SW.SW.19,CG,BOB,SW,SW,19,3,3,20.73,4.04,30.906666666666666,1.3266666666666667,192.41666666666666,33.42,19.55996698,16.309255066729815,0.9074259060284245,18.75,1.9397333333333333
H.Cle.Cl.CN.17,H,Cle,Cl,CN,17,1,1,11.21,-5.22,NA,0.45,293.1666666666667,31.57,19.86,9.172174349680589,6.495190528383659,17.5,NA
H.Cle.Cl.CN.17,H,Cle,Cl,CN,17,1,2,11.21,-5.22,NA,0.36666666666666664,222.25,31.57,19.86,9.172174349680589,30.000000000027278,22.5,NA
H.Cle.Cl.CN.17,H,Cle,Cl,CN,17,1,3,11.21,-5.22,NA,0.19666666666666668,173.16666666666666,31.57,19.86,9.172174349680589,30.000000000027278,28.31,NA
H.Cle.Cl.CN.17,H,Cle,Cl,CN,17,2,1,11.21,-5.22,NA,0.48333333333333334,336.9166666666667,31.57,19.86,9.172174349680589,12.990381056756242,255.25,NA
H.Cle.Cl.CN.17,H,Cle,Cl,CN,17,2,3,11.21,-5.22,NA,0.43333333333333335,381.8333333333333,31.57,19.86,9.172174349680589,8.320502943377273,24.77,NA
H.Cle.Cl.CN.17,H,Cle,Cl,CN,17,3,1,11.21,-5.22,NA,0.14,144.75,31.57,19.86,9.172174349680589,0.5992414409582991,170,NA
H.Cle.Cl.CN.17,H,Cle,Cl,CN,17,3,3,11.21,-5.22,NA,0.18333333333333335,157.08333333333334,31.57,19.86,9.172174349680589,0.8626770466865323,178.75,NA
H.Cle.Cl.NE.17,H,Cle,Cl,NE,17,1,1,7.95,-4.26,NA,0.6433333333333333,294.4166666666667,42.39,15.59,6.238550053362813,11.338934190270555,190.5,NA
H.Cle.Cl.NE.17,H,Cle,Cl,NE,17,1,2,7.95,-4.26,NA,0.61,176.08333333333334,42.39,15.59,6.238550053362813,1.64563798361611,364,NA
H.Cle.Cl.NE.17,H,Cle,Cl,NE,17,1,3,7.95,-4.26,NA,0.34,321.1666666666667,42.39,15.59,6.238550053362813,10.000000000009093,96.5,NA
H.Cle.Cl.NE.17,H,Cle,Cl,NE,17,2,1,7.95,-4.26,NA,0.7000000000000001,216.4,42.39,15.59,6.238550053362813,2.4743582965268067,21.22,NA
H.Cle.Cl.NE.17,H,Cle,Cl,NE,17,2,3,7.95,-4.26,NA,0.3566666666666667,275.75,42.39,15.59,6.238550053362813,2.669084216372624,22.19,NA
H.Cle.Cl.NE.17,H,Cle,Cl,NE,17,3,1,7.95,-4.26,NA,0.5533333333333333,436,42.39,15.59,6.238550053362813,4.505635568897266,91.75,NA
H.Cle.Cl.NE.17,H,Cle,Cl,NE,17,3,3,7.95,-4.26,NA,0.4766666666666667,293.0833333333333,42.39,15.59,6.238550053362813,9.33256525257102,21.54,NA
H.Cle.Cl.NO.18,H,Cle,Cl,NO,18,1,1,16.94,4.08,66.38,0.83,231.5,42.5,10.08,11.128160252292444,0.619864700597741,201.5,1.4768
H.Cle.Cl.NO.18,H,Cle,Cl,NO,18,2,1,15.73,3.75,59.17666666666667,0.85,303.5833333333333,44.96,8.91,9.883664929651317,5.447047794017438,27.02,0.9984
H.Cle.Cl.NO.18,H,Cle,Cl,NO,18,2,2,15.73,3.75,52.22666666666667,1.02,322.1666666666667,44.96,8.91,9.883664929651317,6.3481105427244335,27.99,1.3610666666666666
H.Cle.Cl.NO.18,H,Cle,Cl,NO,18,2,3,15.73,3.75,49.626666666666665,0.69,286.1666666666667,44.96,8.91,9.883664929651317,4.505635568895421,120,1.2255999999999998
H.Cle.Cl.NO.18,H,Cle,Cl,NO,18,3,2,15.73,3.75,45.75,0.9033333333333333,306.8333333333333,44.96,8.91,9.883664929651317,9.999999999997724,250.75,1.7413333333333334
H.Cle.Cl.NO.18,H,Cle,Cl,NO,18,3,3,15.73,3.75,52.34,0.97,257,44.96,8.91,9.883664929651317,14.411533842452044,19.29,1.7226666666666668
H.Cle.Cl.SW.18,H,Cle,Cl,SW,18,1,1,17.93,3.82,116.50666666666667,0.3833333333333333,213.83333333333334,39.24,9.85,12.52236540907131,4.574957109977583,225.5,0.704
H.Cle.Cl.SW.18,H,Cle,Cl,SW,18,1,2,17.93,3.82,64.72666666666666,0.9133333333333333,101.16666666666667,39.24,9.85,12.52236540907131,1.0797236261230212,239.25,1.8218666666666667
H.Cle.Cl.SW.18,H,Cle,Cl,SW,18,2,3,18.42,3.69,61.08,0.96,296.3333333333333,37.65,9.38,13.237905480645452,2.049162481119513,53.75,1.3055999999999999
H.Cle.Cl.SW.18,H,Cle,Cl,SW,18,3,1,18.093333333333334,3.7766666666666664,91.13,0.4,105.33333333333333,38.71,9.693333333333333,12.759025439456092,0.09758019813833813,237,0.9658666666666667
H.Cle.Cl.SW.18,H,Cle,Cl,SW,18,3,2,17.93,3.82,85.62,0.6566666666666666,216.41666666666666,39.24,9.85,12.52236540907131,2.474358296527094,26.38,1.5488
H.Day.NW.NA.19,H,Day,NW,"NA",19,1,2,13.65,1.11,72.82666666666667,2.79,218.5,42.6,7.88,9.009596665880172,0.2583009547337605,NA,3.1525333333333334
H.Day.NW.NA.19,H,Day,NW,"NA",19,1,3,13.65,1.11,65.73,1.7833333333333332,345.4166666666667,42.6,7.88,9.009596665880172,3.0565602486512873,NA,3.599466666666667
H.Day.NW.NA.19,H,Day,NW,"NA",19,2,1,13.65,1.11,102.26666666666667,3.66,182.33333333333334,42.6,7.88,9.009596665880172,0.349467790455645,NA,2.9504
H.Day.NW.NA.19,H,Day,NW,"NA",19,2,3,13.65,1.11,47.56666666666666,2.65,303.4166666666667,42.6,7.88,9.009596665880172,0.2914911912558112,NA,3.3178666666666667
H.Day.NW.NA.19,H,Day,NW,"NA",19,3,1,14.12,1.11,57.97,1.4466666666666668,228.16666666666666,41.15,9.19,9.494128444008902,0.9743547036924352,NA,1.9264
H.Day.NW.NA.19,H,Day,NW,"NA",19,3,3,14.12,1.11,71.35333333333332,2.6133333333333333,278.5833333333333,41.15,9.19,9.494128444008902,1.5342642764846588,NA,2.2805333333333335
H.Fit.Fi.NE.17,H,Fit,Fi,NE,17,1,1,6.23,-20.67,NA,0.8066666666666666,216.25,13,10,8.327971099958877,3.7115374447909852,388.5,NA
H.Fit.Fi.NE.17,H,Fit,Fi,NE,17,1,2,6.23,-20.67,NA,0.74,188.41666666666666,13,10,8.327971099958877,0.7278209715899383,20.25,NA
H.Fit.Fi.NE.17,H,Fit,Fi,NE,17,2,1,6.23,-20.67,NA,0.44666666666666666,101.5,13,10,8.327971099958877,1.1100963975558082,21,NA
H.Fit.Fi.NE.17,H,Fit,Fi,NE,17,2,2,6.23,-20.67,NA,0.37,63.666666666666664,13,10,8.327971099958877,4.228568871614672,15.75,NA
H.Fit.Fi.NE.17,H,Fit,Fi,NE,17,2,3,6.62,-21.11,NA,0.5800000000000001,101.25,12.22,10.88,8.63156926129313,0.2809634207876857,24.75,NA
H.Fit.Fi.NW.18,H,Fit,Fi,NW,18,1,1,18.88,1.37,73.57333333333334,0.4633333333333333,290.5833333333333,31.17,15.87,15.069408937329708,1.725354093373257,26.7,1.6522666666666666
H.Fit.Fi.NW.18,H,Fit,Fi,NW,18,1,2,18.88,1.37,NA,0.31333333333333335,75.33333333333333,31.17,15.87,15.069408937329708,3.71153744479021,71,NA
H.Fit.Fi.NW.18,H,Fit,Fi,NW,18,1,3,18.88,1.37,53.44333333333333,0.9633333333333334,329.0833333333333,31.17,15.87,15.069408937329708,6.081636405596078,20.25,1.9328
H.Fit.Fi.NW.18,H,Fit,Fi,NW,18,3,2,18.88,1.37,54.776666666666664,0.6066666666666667,356.0833333333333,31.17,15.87,15.069408937329708,4.931969619162023,216.25,1.3584
H.Fit.Fi.NW.18,H,Fit,Fi,NW,18,3,3,18.88,1.37,67.92,0.63,407.1666666666667,31.17,15.87,15.069408937329708,14.999999999988061,27.02,1.4672
H.Fit.Fi.SE.18,H,Fit,Fi,SE,18,1,1,19.93,0.38,118.13333333333334,1.4366666666666668,287.4166666666667,27.11,16.51,17.007153364914245,8.542421961772387,28.31,1.5728
H.Fit.Fi.SE.18,H,Fit,Fi,SE,18,1,2,19.93,0.38,NA,0.8666666666666667,311.3333333333333,27.11,16.51,17.007153364914245,3.665083330689132,71,NA
H.Fit.Fi.SE.18,H,Fit,Fi,SE,18,1,3,19.93,0.38,NA,0.93,158.75,27.11,16.51,17.007153364914245,0.5039111582161846,30.57,NA
H.Fit.Fi.SE.18,H,Fit,Fi,SE,18,2,1,19.93,0.38,49.303333333333335,0.9466666666666667,459.5,27.11,16.51,17.007153364914245,30.000000000027278,25.41,2.1685333333333334
H.Fit.Fi.SE.18,H,Fit,Fi,SE,18,2,2,19.93,0.38,169.82,0.9433333333333334,318.6666666666667,27.11,16.51,17.007153364914245,17.320508075704524,180.25,0.928
H.Fit.Fi.SE.18,H,Fit,Fi,SE,18,3,3,19.93,0.38,NA,0.8533333333333333,338.75,27.11,16.51,17.007153364914245,7.92405815692965,320.5,1.6048
H.Fit.Fi.SW.17,H,Fit,Fi,SW,17,1,2,4.4,-13.66,NA,0.7333333333333333,390,26.83,9.81,6.2392438060151925,7.205766921228858,374.75,NA
H.Fit.Fi.SW.17,H,Fit,Fi,SW,17,1,3,4.4,-13.66,NA,0.5366666666666666,317,26.83,9.81,6.2392438060151925,4.2712109808859955,524.5,NA
H.Fit.Fi.SW.17,H,Fit,Fi,SW,17,2,1,4.4,-13.66,NA,0.48000000000000004,288.5833333333333,26.83,9.81,6.2392438060151925,3.2287320150040038,17.03,NA
H.Fit.Fi.SW.17,H,Fit,Fi,SW,17,2,2,4.4,-13.66,NA,0.5866666666666667,193.08333333333334,26.83,9.81,6.2392438060151925,2.7235238970091786,20.9,NA
H.Fit.Fi.SW.17,H,Fit,Fi,SW,17,2,3,4.4,-13.66,NA,0.43666666666666665,247.08333333333334,26.83,9.81,6.2392438060151925,3.997040325158953,16.39,NA
H.Fit.Fi.SW.17,H,Fit,Fi,SW,17,3,1,5.19,-15.95,NA,0.38,149.5,20.6,10.33,7.081875873562148,14.41153384244448,13.5,NA
H.Fit.Fi.SW.17,H,Fit,Fi,SW,17,3,2,5.19,-15.95,NA,0.45,255.5,20.6,10.33,7.081875873562148,4.7237749297346685,54.25,NA
H.Fit.SE.NA.19,H,Fit,SE,"NA",19,1,1,24.83,1.11,88.37666666666667,0.18666666666666668,296.0833333333333,21.21,3.724022016,24.745311648622845,0.5520641314944984,NA,2.3402666666666665
H.Fit.SE.NA.19,H,Fit,SE,"NA",19,1,2,24.655,1.39,79.73666666666666,0.3433333333333333,273.25,21.755,6.369783552,24.28454758427666,1.1886432776255413,NA,2.4954666666666667
H.Fit.SE.NA.19,H,Fit,SE,"NA",19,1,3,24.655,1.39,67.13333333333333,1.32,300.3333333333333,21.755,6.369783552,24.28454758427666,0.5589199680799688,NA,2.1616
